task,algorithm,loss,num_rounds,num_observation,num_simulations,c2st,mmd,ksd,median_dist,mvn_kl_pq,mvn_kl_qp,folder,time,parameters
two_moons,NLPE,elbo,1,1,1000,0.7818499803543091,0.21556496620178223,inf,0.09228742122650146,914.3555297851562,3.4936885833740234,055fcf1f-bfa8-4809-a999-01be4ebcc206,54.57031321525574,"{'flow': 'spline_autoregressive', 'num_flows': 5, 'num_components': 1, 'loss': 'elbo', 'n_particles': 256, 'K': 8, 'alpha': 0.5, 'proposal': 'q', 'learning_rate': 0.001, 'gamma': 0.9999, 'max_num_iters': 1000, 'min_num_iters': 500, 'check_for_convergence': True, 'show_progress_bars': True, 'reduce_variance': False, 'sampling_method': 'naive', 'bound': 5}"
two_moons,NLPE,elbo,1,1,100000,0.9139000177383423,0.20928966999053955,507521295.88831943,0.11346195638179779,5135.740234375,6.279297828674316,5f027706-c40d-4318-875f-e6c92b0e2f01,135.08461236953735,"{'flow': 'spline_autoregressive', 'num_flows': 5, 'num_components': 1, 'loss': 'elbo', 'n_particles': 256, 'K': 8, 'alpha': 0.5, 'proposal': 'q', 'learning_rate': 0.001, 'gamma': 0.9999, 'max_num_iters': 1000, 'min_num_iters': 500, 'check_for_convergence': True, 'show_progress_bars': True, 'reduce_variance': False, 'sampling_method': 'naive', 'bound': 5}"
two_moons,NLPE,elbo,1,1,10000,0.8715000152587891,0.21835541725158691,inf,0.0757572203874588,31.8032169342041,2.016791820526123,4a797235-c377-412e-8daa-d9515b1f8f4c,83.57121396064758,"{'flow': 'spline_autoregressive', 'num_flows': 5, 'num_components': 1, 'loss': 'elbo', 'n_particles': 256, 'K': 8, 'alpha': 0.5, 'proposal': 'q', 'learning_rate': 0.001, 'gamma': 0.9999, 'max_num_iters': 1000, 'min_num_iters': 500, 'check_for_convergence': True, 'show_progress_bars': True, 'reduce_variance': False, 'sampling_method': 'naive', 'bound': 5}"
two_moons,NLPE,elbo,1,2,10000,0.8070499897003174,0.2251044511795044,inf,0.08033537864685059,1514.2645263671875,3.782585620880127,bad7ede6-bfa0-484e-bd11-d9eca419fc15,82.36940312385559,"{'flow': 'spline_autoregressive', 'num_flows': 5, 'num_components': 1, 'loss': 'elbo', 'n_particles': 256, 'K': 8, 'alpha': 0.5, 'proposal': 'q', 'learning_rate': 0.001, 'gamma': 0.9999, 'max_num_iters': 1000, 'min_num_iters': 500, 'check_for_convergence': True, 'show_progress_bars': True, 'reduce_variance': False, 'sampling_method': 'naive', 'bound': 5}"
two_moons,NLPE,elbo,1,3,1000,0.824150025844574,0.259594202041626,inf,0.09958463907241821,66.03971862792969,2.261890411376953,18761683-218d-4d93-b304-b432f2a3bb2e,50.402451515197754,"{'flow': 'spline_autoregressive', 'num_flows': 5, 'num_components': 1, 'loss': 'elbo', 'n_particles': 256, 'K': 8, 'alpha': 0.5, 'proposal': 'q', 'learning_rate': 0.001, 'gamma': 0.9999, 'max_num_iters': 1000, 'min_num_iters': 500, 'check_for_convergence': True, 'show_progress_bars': True, 'reduce_variance': False, 'sampling_method': 'naive', 'bound': 5}"
two_moons,NLPE,elbo,1,3,10000,0.761650025844574,0.26829278469085693,,0.08583244681358337,87.2889633178711,2.2758798599243164,d4d1962e-00ab-42d0-9c4a-0fcaceac6530,65.63420796394348,"{'flow': 'spline_autoregressive', 'num_flows': 5, 'num_components': 1, 'loss': 'elbo', 'n_particles': 256, 'K': 8, 'alpha': 0.5, 'proposal': 'q', 'learning_rate': 0.001, 'gamma': 0.9999, 'max_num_iters': 1000, 'min_num_iters': 500, 'check_for_convergence': True, 'show_progress_bars': True, 'reduce_variance': False, 'sampling_method': 'naive', 'bound': 5}"
two_moons,NLPE,elbo,1,2,1000,0.7180500030517578,0.02039957046508789,inf,0.09244959056377411,0.13477933406829834,0.1518796682357788,08fb0047-39d9-472d-a116-4ade624d6e68,119.19579672813416,"{'flow': 'spline_autoregressive', 'num_flows': 5, 'num_components': 1, 'loss': 'elbo', 'n_particles': 256, 'K': 8, 'alpha': 0.5, 'proposal': 'q', 'learning_rate': 0.001, 'gamma': 0.9999, 'max_num_iters': 1000, 'min_num_iters': 500, 'check_for_convergence': True, 'show_progress_bars': True, 'reduce_variance': False, 'sampling_method': 'naive', 'bound': 5}"
two_moons,NLPE,elbo,1,2,100000,0.8144500255584717,0.0025386810302734375,inf,0.10656435042619705,3.6221401691436768,1.0301662683486938,9cefd02a-19a0-4484-afb3-38d6c92b50d9,130.54976844787598,"{'flow': 'spline_autoregressive', 'num_flows': 5, 'num_components': 1, 'loss': 'elbo', 'n_particles': 256, 'K': 8, 'alpha': 0.5, 'proposal': 'q', 'learning_rate': 0.001, 'gamma': 0.9999, 'max_num_iters': 1000, 'min_num_iters': 500, 'check_for_convergence': True, 'show_progress_bars': True, 'reduce_variance': False, 'sampling_method': 'naive', 'bound': 5}"
two_moons,NLPE,elbo,1,4,1000,0.8034499883651733,0.42127078771591187,inf,0.09675955772399902,211.83914184570312,2.747490882873535,fdc26d0d-9848-4be1-9465-e0a1bc44187f,66.53084301948547,"{'flow': 'spline_autoregressive', 'num_flows': 5, 'num_components': 1, 'loss': 'elbo', 'n_particles': 256, 'K': 8, 'alpha': 0.5, 'proposal': 'q', 'learning_rate': 0.001, 'gamma': 0.9999, 'max_num_iters': 1000, 'min_num_iters': 500, 'check_for_convergence': True, 'show_progress_bars': True, 'reduce_variance': False, 'sampling_method': 'naive', 'bound': 5}"
two_moons,NLPE,elbo,1,4,10000,0.8112499713897705,0.4681728482246399,inf,0.07801428437232971,843.060302734375,3.526885509490967,adbb6399-29dd-4bb2-b18f-32c888428871,73.42343068122864,"{'flow': 'spline_autoregressive', 'num_flows': 5, 'num_components': 1, 'loss': 'elbo', 'n_particles': 256, 'K': 8, 'alpha': 0.5, 'proposal': 'q', 'learning_rate': 0.001, 'gamma': 0.9999, 'max_num_iters': 1000, 'min_num_iters': 500, 'check_for_convergence': True, 'show_progress_bars': True, 'reduce_variance': False, 'sampling_method': 'naive', 'bound': 5}"
two_moons,NLPE,elbo,1,3,100000,0.7355499863624573,0.008959054946899414,inf,0.07911965250968933,0.34040844440460205,0.1930803656578064,695abcb9-9487-41ed-870a-b7a448bb0dbb,82.95848250389099,"{'flow': 'spline_autoregressive', 'num_flows': 5, 'num_components': 1, 'loss': 'elbo', 'n_particles': 256, 'K': 8, 'alpha': 0.5, 'proposal': 'q', 'learning_rate': 0.001, 'gamma': 0.9999, 'max_num_iters': 1000, 'min_num_iters': 500, 'check_for_convergence': True, 'show_progress_bars': True, 'reduce_variance': False, 'sampling_method': 'naive', 'bound': 5}"
two_moons,NLPE,elbo,1,5,1000,0.8448500037193298,0.07031524181365967,inf,0.08586844801902771,0.8268430233001709,2.021847724914551,674167d1-1430-4a41-be1e-490fb12c72dd,62.33699059486389,"{'flow': 'spline_autoregressive', 'num_flows': 5, 'num_components': 1, 'loss': 'elbo', 'n_particles': 256, 'K': 8, 'alpha': 0.5, 'proposal': 'q', 'learning_rate': 0.001, 'gamma': 0.9999, 'max_num_iters': 1000, 'min_num_iters': 500, 'check_for_convergence': True, 'show_progress_bars': True, 'reduce_variance': False, 'sampling_method': 'naive', 'bound': 5}"
two_moons,NLPE,elbo,1,5,10000,0.7516499757766724,0.21700990200042725,inf,0.08956100046634674,533.6891479492188,3.1681344509124756,55a75247-326d-4f24-ac9a-59a810c3096d,73.8237681388855,"{'flow': 'spline_autoregressive', 'num_flows': 5, 'num_components': 1, 'loss': 'elbo', 'n_particles': 256, 'K': 8, 'alpha': 0.5, 'proposal': 'q', 'learning_rate': 0.001, 'gamma': 0.9999, 'max_num_iters': 1000, 'min_num_iters': 500, 'check_for_convergence': True, 'show_progress_bars': True, 'reduce_variance': False, 'sampling_method': 'naive', 'bound': 5}"
two_moons,NLPE,elbo,1,6,1000,0.7975999712944031,0.2332909107208252,inf,0.1010379046201706,104.67566680908203,2.523345470428467,29230229-53fd-4d36-ae69-945c4f9b2f09,58.96197819709778,"{'flow': 'spline_autoregressive', 'num_flows': 5, 'num_components': 1, 'loss': 'elbo', 'n_particles': 256, 'K': 8, 'alpha': 0.5, 'proposal': 'q', 'learning_rate': 0.001, 'gamma': 0.9999, 'max_num_iters': 1000, 'min_num_iters': 500, 'check_for_convergence': True, 'show_progress_bars': True, 'reduce_variance': False, 'sampling_method': 'naive', 'bound': 5}"
two_moons,NLPE,elbo,1,4,100000,0.8536499738693237,0.5095637440681458,inf,0.08186809718608856,1076.75634765625,3.881307363510132,ab269ec7-1662-4ce0-897d-a1e3c9f22508,156.7063329219818,"{'flow': 'spline_autoregressive', 'num_flows': 5, 'num_components': 1, 'loss': 'elbo', 'n_particles': 256, 'K': 8, 'alpha': 0.5, 'proposal': 'q', 'learning_rate': 0.001, 'gamma': 0.9999, 'max_num_iters': 1000, 'min_num_iters': 500, 'check_for_convergence': True, 'show_progress_bars': True, 'reduce_variance': False, 'sampling_method': 'naive', 'bound': 5}"
two_moons,NLPE,elbo,1,7,1000,0.8293499946594238,0.21326935291290283,,0.10536512732505798,4.675368309020996,1.1734695434570312,8c78d706-848b-41ac-8222-9887c8703f67,47.64525508880615,"{'flow': 'spline_autoregressive', 'num_flows': 5, 'num_components': 1, 'loss': 'elbo', 'n_particles': 256, 'K': 8, 'alpha': 0.5, 'proposal': 'q', 'learning_rate': 0.001, 'gamma': 0.9999, 'max_num_iters': 1000, 'min_num_iters': 500, 'check_for_convergence': True, 'show_progress_bars': True, 'reduce_variance': False, 'sampling_method': 'naive', 'bound': 5}"
two_moons,NLPE,elbo,1,6,10000,0.7584999799728394,0.24651718139648438,inf,0.08522439002990723,185.31112670898438,2.6404972076416016,85ce22d6-e572-49e8-9d8e-9d31306070b1,76.82933449745178,"{'flow': 'spline_autoregressive', 'num_flows': 5, 'num_components': 1, 'loss': 'elbo', 'n_particles': 256, 'K': 8, 'alpha': 0.5, 'proposal': 'q', 'learning_rate': 0.001, 'gamma': 0.9999, 'max_num_iters': 1000, 'min_num_iters': 500, 'check_for_convergence': True, 'show_progress_bars': True, 'reduce_variance': False, 'sampling_method': 'naive', 'bound': 5}"
two_moons,NLPE,elbo,1,5,100000,0.9349499940872192,0.014299988746643066,inf,0.20362600684165955,4.291125774383545,64.9107666015625,dd4cecb2-b794-429d-95d6-12e90aeb4eac,149.30510640144348,"{'flow': 'spline_autoregressive', 'num_flows': 5, 'num_components': 1, 'loss': 'elbo', 'n_particles': 256, 'K': 8, 'alpha': 0.5, 'proposal': 'q', 'learning_rate': 0.001, 'gamma': 0.9999, 'max_num_iters': 1000, 'min_num_iters': 500, 'check_for_convergence': True, 'show_progress_bars': True, 'reduce_variance': False, 'sampling_method': 'naive', 'bound': 5}"
two_moons,NLPE,elbo,1,7,10000,0.8433499932289124,0.33511555194854736,391822830.7156404,0.07598476111888885,90.65789794921875,2.5239882469177246,d15139aa-0e5e-407e-8ed3-8187f1e9aaf5,94.50535535812378,"{'flow': 'spline_autoregressive', 'num_flows': 5, 'num_components': 1, 'loss': 'elbo', 'n_particles': 256, 'K': 8, 'alpha': 0.5, 'proposal': 'q', 'learning_rate': 0.001, 'gamma': 0.9999, 'max_num_iters': 1000, 'min_num_iters': 500, 'check_for_convergence': True, 'show_progress_bars': True, 'reduce_variance': False, 'sampling_method': 'naive', 'bound': 5}"
two_moons,NLPE,elbo,1,6,100000,0.6614500284194946,0.000647425651550293,inf,0.08406172692775726,0.40526676177978516,0.22930008172988892,58b91eed-ec1d-46c2-9728-98abef87b604,135.31077527999878,"{'flow': 'spline_autoregressive', 'num_flows': 5, 'num_components': 1, 'loss': 'elbo', 'n_particles': 256, 'K': 8, 'alpha': 0.5, 'proposal': 'q', 'learning_rate': 0.001, 'gamma': 0.9999, 'max_num_iters': 1000, 'min_num_iters': 500, 'check_for_convergence': True, 'show_progress_bars': True, 'reduce_variance': False, 'sampling_method': 'naive', 'bound': 5}"
two_moons,NLPE,elbo,1,7,100000,0.7472000122070312,0.22736501693725586,inf,0.08857502788305283,13.553051948547363,1.376415729522705,ba4aeedf-74f9-4013-b58e-f2a195ca1067,121.70402240753174,"{'flow': 'spline_autoregressive', 'num_flows': 5, 'num_components': 1, 'loss': 'elbo', 'n_particles': 256, 'K': 8, 'alpha': 0.5, 'proposal': 'q', 'learning_rate': 0.001, 'gamma': 0.9999, 'max_num_iters': 1000, 'min_num_iters': 500, 'check_for_convergence': True, 'show_progress_bars': True, 'reduce_variance': False, 'sampling_method': 'naive', 'bound': 5}"
two_moons,NLPE,elbo,1,8,1000,0.8202000260353088,0.2843613624572754,inf,0.10129719972610474,13.39487361907959,1.5982550382614136,6da91fbf-869b-4050-84cb-324560da2dcc,60.12472057342529,"{'flow': 'spline_autoregressive', 'num_flows': 5, 'num_components': 1, 'loss': 'elbo', 'n_particles': 256, 'K': 8, 'alpha': 0.5, 'proposal': 'q', 'learning_rate': 0.001, 'gamma': 0.9999, 'max_num_iters': 1000, 'min_num_iters': 500, 'check_for_convergence': True, 'show_progress_bars': True, 'reduce_variance': False, 'sampling_method': 'naive', 'bound': 5}"
two_moons,NLPE,elbo,1,9,1000,0.7487499713897705,0.4125780463218689,inf,0.09717138111591339,167.35391235351562,2.663844347000122,4a5781e4-340a-48d6-8a50-f3b88ff14057,61.27324676513672,"{'flow': 'spline_autoregressive', 'num_flows': 5, 'num_components': 1, 'loss': 'elbo', 'n_particles': 256, 'K': 8, 'alpha': 0.5, 'proposal': 'q', 'learning_rate': 0.001, 'gamma': 0.9999, 'max_num_iters': 1000, 'min_num_iters': 500, 'check_for_convergence': True, 'show_progress_bars': True, 'reduce_variance': False, 'sampling_method': 'naive', 'bound': 5}"
two_moons,NLPE,elbo,1,8,100000,0.7496500015258789,0.30656540393829346,inf,0.0887950211763382,33.29570007324219,1.7958372831344604,51d6aea3-876a-4621-a64f-b3b293c5a808,81.34886455535889,"{'flow': 'spline_autoregressive', 'num_flows': 5, 'num_components': 1, 'loss': 'elbo', 'n_particles': 256, 'K': 8, 'alpha': 0.5, 'proposal': 'q', 'learning_rate': 0.001, 'gamma': 0.9999, 'max_num_iters': 1000, 'min_num_iters': 500, 'check_for_convergence': True, 'show_progress_bars': True, 'reduce_variance': False, 'sampling_method': 'naive', 'bound': 5}"
two_moons,NLPE,elbo,1,8,10000,0.7989500164985657,0.3472001552581787,inf,0.07807651162147522,65.13565826416016,2.2100539207458496,44380ee1-e328-4bf7-a9d5-57b1d63c3e2b,90.28672528266907,"{'flow': 'spline_autoregressive', 'num_flows': 5, 'num_components': 1, 'loss': 'elbo', 'n_particles': 256, 'K': 8, 'alpha': 0.5, 'proposal': 'q', 'learning_rate': 0.001, 'gamma': 0.9999, 'max_num_iters': 1000, 'min_num_iters': 500, 'check_for_convergence': True, 'show_progress_bars': True, 'reduce_variance': False, 'sampling_method': 'naive', 'bound': 5}"
two_moons,NLPE,elbo,1,10,10000,0.777400016784668,0.3248711824417114,inf,0.08365441858768463,40.027156829833984,1.9279214143753052,47722c94-fde5-4fc7-9e9d-4e8d38d9d392,71.61212301254272,"{'flow': 'spline_autoregressive', 'num_flows': 5, 'num_components': 1, 'loss': 'elbo', 'n_particles': 256, 'K': 8, 'alpha': 0.5, 'proposal': 'q', 'learning_rate': 0.001, 'gamma': 0.9999, 'max_num_iters': 1000, 'min_num_iters': 500, 'check_for_convergence': True, 'show_progress_bars': True, 'reduce_variance': False, 'sampling_method': 'naive', 'bound': 5}"
two_moons,NLPE,elbo,1,9,10000,0.8644499778747559,0.47983187437057495,385846033.494552,0.07713165134191513,1843.75634765625,4.080348014831543,a5c5bcb4-6b4e-4732-aec6-7ba552c9d296,82.79892992973328,"{'flow': 'spline_autoregressive', 'num_flows': 5, 'num_components': 1, 'loss': 'elbo', 'n_particles': 256, 'K': 8, 'alpha': 0.5, 'proposal': 'q', 'learning_rate': 0.001, 'gamma': 0.9999, 'max_num_iters': 1000, 'min_num_iters': 500, 'check_for_convergence': True, 'show_progress_bars': True, 'reduce_variance': False, 'sampling_method': 'naive', 'bound': 5}"
two_moons,NLPE,elbo,1,10,1000,0.8400999903678894,0.32257914543151855,inf,0.09175558388233185,30.398117065429688,1.9275773763656616,586a8220-d0f9-46d8-8894-a4c6ff1e8d1d,70.02372622489929,"{'flow': 'spline_autoregressive', 'num_flows': 5, 'num_components': 1, 'loss': 'elbo', 'n_particles': 256, 'K': 8, 'alpha': 0.5, 'proposal': 'q', 'learning_rate': 0.001, 'gamma': 0.9999, 'max_num_iters': 1000, 'min_num_iters': 500, 'check_for_convergence': True, 'show_progress_bars': True, 'reduce_variance': False, 'sampling_method': 'naive', 'bound': 5}"
two_moons,NLPE,elbo,1,9,100000,0.734250009059906,0.01190185546875,inf,0.08076615631580353,0.47794055938720703,0.23962342739105225,80d74637-f328-4388-8af8-3c6f332da0c2,125.47693467140198,"{'flow': 'spline_autoregressive', 'num_flows': 5, 'num_components': 1, 'loss': 'elbo', 'n_particles': 256, 'K': 8, 'alpha': 0.5, 'proposal': 'q', 'learning_rate': 0.001, 'gamma': 0.9999, 'max_num_iters': 1000, 'min_num_iters': 500, 'check_for_convergence': True, 'show_progress_bars': True, 'reduce_variance': False, 'sampling_method': 'naive', 'bound': 5}"
two_moons,NLPE,elbo,1,10,100000,0.7128499746322632,0.046289920806884766,inf,0.08898107707500458,0.6553744077682495,0.3856735825538635,d8b9cf0c-1171-47c0-b815-3aa6e9e8b408,127.08756422996521,"{'flow': 'spline_autoregressive', 'num_flows': 5, 'num_components': 1, 'loss': 'elbo', 'n_particles': 256, 'K': 8, 'alpha': 0.5, 'proposal': 'q', 'learning_rate': 0.001, 'gamma': 0.9999, 'max_num_iters': 1000, 'min_num_iters': 500, 'check_for_convergence': True, 'show_progress_bars': True, 'reduce_variance': False, 'sampling_method': 'naive', 'bound': 5}"
two_moons,SNLPE,elbo,10,1,10000,0.7529500126838684,0.21672117710113525,inf,0.08878233283758163,670.869140625,3.259082317352295,057f8dbf-235c-4603-b718-eea8333f7ac7,372.7681131362915,"{'flow': 'spline_autoregressive', 'num_flows': 5, 'num_components': 1, 'loss': 'elbo', 'n_particles': 256, 'K': 8, 'alpha': 0.5, 'proposal': 'q', 'learning_rate': 0.001, 'gamma': 0.9999, 'max_num_iters': 1000, 'min_num_iters': 500, 'check_for_convergence': True, 'show_progress_bars': True, 'reduce_variance': False, 'sampling_method': 'naive', 'bound': 5}"
two_moons,SNLPE,elbo,10,1,1000,0.7899500131607056,0.22010552883148193,inf,0.10870745033025742,252.9344024658203,2.896947145462036,9e6af9a6-618d-4082-a26c-36877ee6c288,529.0141069889069,"{'flow': 'spline_autoregressive', 'num_flows': 5, 'num_components': 1, 'loss': 'elbo', 'n_particles': 256, 'K': 8, 'alpha': 0.5, 'proposal': 'q', 'learning_rate': 0.001, 'gamma': 0.9999, 'max_num_iters': 1000, 'min_num_iters': 500, 'check_for_convergence': True, 'show_progress_bars': True, 'reduce_variance': False, 'sampling_method': 'naive', 'bound': 5}"
two_moons,SNLPE,elbo,10,2,10000,0.7501999735832214,0.21996676921844482,inf,0.08960625529289246,587.3681030273438,3.1963233947753906,a0418686-73cf-4f10-b528-b80ba33faf76,503.8408634662628,"{'flow': 'spline_autoregressive', 'num_flows': 5, 'num_components': 1, 'loss': 'elbo', 'n_particles': 256, 'K': 8, 'alpha': 0.5, 'proposal': 'q', 'learning_rate': 0.001, 'gamma': 0.9999, 'max_num_iters': 1000, 'min_num_iters': 500, 'check_for_convergence': True, 'show_progress_bars': True, 'reduce_variance': False, 'sampling_method': 'naive', 'bound': 5}"
two_moons,SNLPE,elbo,10,2,1000,0.7549499869346619,0.21875131130218506,inf,0.09118320047855377,503.3785095214844,3.1604981422424316,c44bc4d0-24c3-4b7c-b14c-39e3778d8dac,544.8996620178223,"{'flow': 'spline_autoregressive', 'num_flows': 5, 'num_components': 1, 'loss': 'elbo', 'n_particles': 256, 'K': 8, 'alpha': 0.5, 'proposal': 'q', 'learning_rate': 0.001, 'gamma': 0.9999, 'max_num_iters': 1000, 'min_num_iters': 500, 'check_for_convergence': True, 'show_progress_bars': True, 'reduce_variance': False, 'sampling_method': 'naive', 'bound': 5}"
two_moons,SNLPE,elbo,10,2,100000,0.750249981880188,0.219970703125,inf,0.08799143135547638,794.5345458984375,3.344872236251831,fbfd015b-b068-471c-9c44-a8fc6c397eb4,610.3425874710083,"{'flow': 'spline_autoregressive', 'num_flows': 5, 'num_components': 1, 'loss': 'elbo', 'n_particles': 256, 'K': 8, 'alpha': 0.5, 'proposal': 'q', 'learning_rate': 0.001, 'gamma': 0.9999, 'max_num_iters': 1000, 'min_num_iters': 500, 'check_for_convergence': True, 'show_progress_bars': True, 'reduce_variance': False, 'sampling_method': 'naive', 'bound': 5}"
two_moons,SNLPE,elbo,10,3,100000,0.7508999705314636,0.2579617500305176,inf,0.08918102085590363,100.29205322265625,2.316986322402954,70bbb1ac-8764-4682-8bc2-d6d5195fa2f0,495.0455958843231,"{'flow': 'spline_autoregressive', 'num_flows': 5, 'num_components': 1, 'loss': 'elbo', 'n_particles': 256, 'K': 8, 'alpha': 0.5, 'proposal': 'q', 'learning_rate': 0.001, 'gamma': 0.9999, 'max_num_iters': 1000, 'min_num_iters': 500, 'check_for_convergence': True, 'show_progress_bars': True, 'reduce_variance': False, 'sampling_method': 'naive', 'bound': 5}"
two_moons,SNLPE,elbo,10,3,1000,0.7706000208854675,0.2674877643585205,inf,0.08839640021324158,72.35040283203125,2.1727454662323,35c0797c-5cc6-4576-a59d-9f542bf892cf,626.9615788459778,"{'flow': 'spline_autoregressive', 'num_flows': 5, 'num_components': 1, 'loss': 'elbo', 'n_particles': 256, 'K': 8, 'alpha': 0.5, 'proposal': 'q', 'learning_rate': 0.001, 'gamma': 0.9999, 'max_num_iters': 1000, 'min_num_iters': 500, 'check_for_convergence': True, 'show_progress_bars': True, 'reduce_variance': False, 'sampling_method': 'naive', 'bound': 5}"
two_moons,SNLPE,elbo,10,4,1000,0.7594500184059143,0.46971452236175537,inf,0.08647723495960236,298.4501037597656,2.8795599937438965,abd17483-7a11-4a68-9b4d-4038fca73ffb,521.539347410202,"{'flow': 'spline_autoregressive', 'num_flows': 5, 'num_components': 1, 'loss': 'elbo', 'n_particles': 256, 'K': 8, 'alpha': 0.5, 'proposal': 'q', 'learning_rate': 0.001, 'gamma': 0.9999, 'max_num_iters': 1000, 'min_num_iters': 500, 'check_for_convergence': True, 'show_progress_bars': True, 'reduce_variance': False, 'sampling_method': 'naive', 'bound': 5}"
two_moons,SNLPE,elbo,10,1,100000,0.7501500248908997,0.21534037590026855,inf,0.08866418898105621,891.3353271484375,3.3966803550720215,156ebe79-ec7b-4c18-85d6-9d95c30943d0,792.4510688781738,"{'flow': 'spline_autoregressive', 'num_flows': 5, 'num_components': 1, 'loss': 'elbo', 'n_particles': 256, 'K': 8, 'alpha': 0.5, 'proposal': 'q', 'learning_rate': 0.001, 'gamma': 0.9999, 'max_num_iters': 1000, 'min_num_iters': 500, 'check_for_convergence': True, 'show_progress_bars': True, 'reduce_variance': False, 'sampling_method': 'naive', 'bound': 5}"
two_moons,SNLPE,elbo,10,4,10000,0.7736999988555908,0.43212300539016724,inf,0.09210926294326782,187.1454315185547,2.636401414871216,814c1a1c-f3f5-42e5-af39-70a67d5387ea,556.3592948913574,"{'flow': 'spline_autoregressive', 'num_flows': 5, 'num_components': 1, 'loss': 'elbo', 'n_particles': 256, 'K': 8, 'alpha': 0.5, 'proposal': 'q', 'learning_rate': 0.001, 'gamma': 0.9999, 'max_num_iters': 1000, 'min_num_iters': 500, 'check_for_convergence': True, 'show_progress_bars': True, 'reduce_variance': False, 'sampling_method': 'naive', 'bound': 5}"
two_moons,SNLPE,elbo,10,3,10000,0.8023499846458435,0.24985861778259277,inf,0.0888892263174057,73.03356170654297,2.166555643081665,2f52e205-85bb-4b9a-8af5-9aefa2eb2ff5,742.5624759197235,"{'flow': 'spline_autoregressive', 'num_flows': 5, 'num_components': 1, 'loss': 'elbo', 'n_particles': 256, 'K': 8, 'alpha': 0.5, 'proposal': 'q', 'learning_rate': 0.001, 'gamma': 0.9999, 'max_num_iters': 1000, 'min_num_iters': 500, 'check_for_convergence': True, 'show_progress_bars': True, 'reduce_variance': False, 'sampling_method': 'naive', 'bound': 5}"
two_moons,SNLPE,elbo,10,4,100000,0.7456499934196472,0.43894320726394653,inf,0.0888061374425888,324.3742370605469,2.8909428119659424,d242de63-99e2-4d0d-914f-6e82065b6a6b,589.5912499427795,"{'flow': 'spline_autoregressive', 'num_flows': 5, 'num_components': 1, 'loss': 'elbo', 'n_particles': 256, 'K': 8, 'alpha': 0.5, 'proposal': 'q', 'learning_rate': 0.001, 'gamma': 0.9999, 'max_num_iters': 1000, 'min_num_iters': 500, 'check_for_convergence': True, 'show_progress_bars': True, 'reduce_variance': False, 'sampling_method': 'naive', 'bound': 5}"
two_moons,SNLPE,elbo,10,5,10000,0.7603999972343445,0.21230900287628174,inf,0.0962030291557312,2002.0755615234375,3.9832019805908203,86b800d7-ef97-4992-822e-d9d45d310d43,399.531462430954,"{'flow': 'spline_autoregressive', 'num_flows': 5, 'num_components': 1, 'loss': 'elbo', 'n_particles': 256, 'K': 8, 'alpha': 0.5, 'proposal': 'q', 'learning_rate': 0.001, 'gamma': 0.9999, 'max_num_iters': 1000, 'min_num_iters': 500, 'check_for_convergence': True, 'show_progress_bars': True, 'reduce_variance': False, 'sampling_method': 'naive', 'bound': 5}"
two_moons,SNLPE,elbo,10,5,1000,0.7821499705314636,0.21673047542572021,inf,0.0904211699962616,1881.6988525390625,4.229246139526367,2b4ba262-f8e7-4376-b26c-d8a1a1f6dd09,620.0382602214813,"{'flow': 'spline_autoregressive', 'num_flows': 5, 'num_components': 1, 'loss': 'elbo', 'n_particles': 256, 'K': 8, 'alpha': 0.5, 'proposal': 'q', 'learning_rate': 0.001, 'gamma': 0.9999, 'max_num_iters': 1000, 'min_num_iters': 500, 'check_for_convergence': True, 'show_progress_bars': True, 'reduce_variance': False, 'sampling_method': 'naive', 'bound': 5}"
two_moons,SNLPE,elbo,10,5,100000,0.7506999969482422,0.21619558334350586,inf,0.09366573393344879,2985.528076171875,4.003582000732422,d142c869-4c6c-41d9-b866-c60432d6b1f1,563.5849752426147,"{'flow': 'spline_autoregressive', 'num_flows': 5, 'num_components': 1, 'loss': 'elbo', 'n_particles': 256, 'K': 8, 'alpha': 0.5, 'proposal': 'q', 'learning_rate': 0.001, 'gamma': 0.9999, 'max_num_iters': 1000, 'min_num_iters': 500, 'check_for_convergence': True, 'show_progress_bars': True, 'reduce_variance': False, 'sampling_method': 'naive', 'bound': 5}"
two_moons,SNLPE,elbo,10,6,1000,0.756600022315979,0.24345481395721436,inf,0.09166799485683441,118.6443099975586,2.4081430435180664,4f22d470-9864-458b-ba43-98e8adb8c79a,548.8729820251465,"{'flow': 'spline_autoregressive', 'num_flows': 5, 'num_components': 1, 'loss': 'elbo', 'n_particles': 256, 'K': 8, 'alpha': 0.5, 'proposal': 'q', 'learning_rate': 0.001, 'gamma': 0.9999, 'max_num_iters': 1000, 'min_num_iters': 500, 'check_for_convergence': True, 'show_progress_bars': True, 'reduce_variance': False, 'sampling_method': 'naive', 'bound': 5}"
two_moons,SNLPE,elbo,10,6,100000,0.7500500082969666,0.24354219436645508,inf,0.0906061977148056,199.06991577148438,2.657647132873535,9207147f-3ffc-4ee3-bb05-62e2628455d3,503.8431944847107,"{'flow': 'spline_autoregressive', 'num_flows': 5, 'num_components': 1, 'loss': 'elbo', 'n_particles': 256, 'K': 8, 'alpha': 0.5, 'proposal': 'q', 'learning_rate': 0.001, 'gamma': 0.9999, 'max_num_iters': 1000, 'min_num_iters': 500, 'check_for_convergence': True, 'show_progress_bars': True, 'reduce_variance': False, 'sampling_method': 'naive', 'bound': 5}"
two_moons,SNLPE,elbo,10,6,10000,0.75,0.24361836910247803,,0.08773982524871826,160.4447479248047,2.5529799461364746,85307970-afa7-447b-970e-1584f950de76,603.7361373901367,"{'flow': 'spline_autoregressive', 'num_flows': 5, 'num_components': 1, 'loss': 'elbo', 'n_particles': 256, 'K': 8, 'alpha': 0.5, 'proposal': 'q', 'learning_rate': 0.001, 'gamma': 0.9999, 'max_num_iters': 1000, 'min_num_iters': 500, 'check_for_convergence': True, 'show_progress_bars': True, 'reduce_variance': False, 'sampling_method': 'naive', 'bound': 5}"
two_moons,SNLPE,elbo,10,7,10000,0.6284499764442444,0.0017070770263671875,inf,0.08712495863437653,0.004356697201728821,0.004478037357330322,b0b62d81-b1fe-4a86-ac6e-1b1a9657fdfb,544.9273529052734,"{'flow': 'spline_autoregressive', 'num_flows': 5, 'num_components': 1, 'loss': 'elbo', 'n_particles': 256, 'K': 8, 'alpha': 0.5, 'proposal': 'q', 'learning_rate': 0.001, 'gamma': 0.9999, 'max_num_iters': 1000, 'min_num_iters': 500, 'check_for_convergence': True, 'show_progress_bars': True, 'reduce_variance': False, 'sampling_method': 'naive', 'bound': 5}"
two_moons,SNLPE,elbo,10,7,1000,0.733299970626831,0.08328807353973389,,0.09882733225822449,0.6115823984146118,0.3674755096435547,1d03814b-3e43-4885-b41a-0ee9527e08e5,664.7394256591797,"{'flow': 'spline_autoregressive', 'num_flows': 5, 'num_components': 1, 'loss': 'elbo', 'n_particles': 256, 'K': 8, 'alpha': 0.5, 'proposal': 'q', 'learning_rate': 0.001, 'gamma': 0.9999, 'max_num_iters': 1000, 'min_num_iters': 500, 'check_for_convergence': True, 'show_progress_bars': True, 'reduce_variance': False, 'sampling_method': 'naive', 'bound': 5}"
two_moons,SNLPE,elbo,10,8,1000,0.8498499989509583,0.22181057929992676,,0.1255861222743988,4.451631546020508,1.4746184349060059,1f3053dd-f86c-4126-b219-551587719aaa,593.047031879425,"{'flow': 'spline_autoregressive', 'num_flows': 5, 'num_components': 1, 'loss': 'elbo', 'n_particles': 256, 'K': 8, 'alpha': 0.5, 'proposal': 'q', 'learning_rate': 0.001, 'gamma': 0.9999, 'max_num_iters': 1000, 'min_num_iters': 500, 'check_for_convergence': True, 'show_progress_bars': True, 'reduce_variance': False, 'sampling_method': 'naive', 'bound': 5}"
two_moons,SNLPE,elbo,10,9,100000,0.7501500248908997,0.4368544816970825,inf,0.08941353857517242,277.7034606933594,2.8212549686431885,759907ca-d081-49f9-b09b-e022280fdf0b,485.31932497024536,"{'flow': 'spline_autoregressive', 'num_flows': 5, 'num_components': 1, 'loss': 'elbo', 'n_particles': 256, 'K': 8, 'alpha': 0.5, 'proposal': 'q', 'learning_rate': 0.001, 'gamma': 0.9999, 'max_num_iters': 1000, 'min_num_iters': 500, 'check_for_convergence': True, 'show_progress_bars': True, 'reduce_variance': False, 'sampling_method': 'naive', 'bound': 5}"
two_moons,SNLPE,elbo,10,7,100000,0.7549499869346619,0.24142038822174072,inf,0.0903540700674057,13.695972442626953,1.401597261428833,adc22c50-0134-4365-9eee-37890fe697b9,744.6007504463196,"{'flow': 'spline_autoregressive', 'num_flows': 5, 'num_components': 1, 'loss': 'elbo', 'n_particles': 256, 'K': 8, 'alpha': 0.5, 'proposal': 'q', 'learning_rate': 0.001, 'gamma': 0.9999, 'max_num_iters': 1000, 'min_num_iters': 500, 'check_for_convergence': True, 'show_progress_bars': True, 'reduce_variance': False, 'sampling_method': 'naive', 'bound': 5}"
two_moons,SNLPE,elbo,10,8,100000,0.7529000043869019,0.31084299087524414,inf,0.09021952748298645,29.734575271606445,1.7520288228988647,3402982c-4f9a-41ac-bd2f-a5eb63f1e559,607.228577375412,"{'flow': 'spline_autoregressive', 'num_flows': 5, 'num_components': 1, 'loss': 'elbo', 'n_particles': 256, 'K': 8, 'alpha': 0.5, 'proposal': 'q', 'learning_rate': 0.001, 'gamma': 0.9999, 'max_num_iters': 1000, 'min_num_iters': 500, 'check_for_convergence': True, 'show_progress_bars': True, 'reduce_variance': False, 'sampling_method': 'naive', 'bound': 5}"
two_moons,SNLPE,elbo,10,9,10000,0.7439500093460083,0.42833805084228516,inf,0.09198281168937683,158.24415588378906,2.531222343444824,ee6facb1-acf1-4d34-a27f-005ebf7117e9,608.8887226581573,"{'flow': 'spline_autoregressive', 'num_flows': 5, 'num_components': 1, 'loss': 'elbo', 'n_particles': 256, 'K': 8, 'alpha': 0.5, 'proposal': 'q', 'learning_rate': 0.001, 'gamma': 0.9999, 'max_num_iters': 1000, 'min_num_iters': 500, 'check_for_convergence': True, 'show_progress_bars': True, 'reduce_variance': False, 'sampling_method': 'naive', 'bound': 5}"
two_moons,SNLPE,elbo,10,8,10000,0.7383000254631042,0.02839028835296631,inf,0.10040020197629929,0.11270853877067566,0.11861056089401245,6a8f411d-7bc2-4c3f-b30e-b2834877063e,743.8571631908417,"{'flow': 'spline_autoregressive', 'num_flows': 5, 'num_components': 1, 'loss': 'elbo', 'n_particles': 256, 'K': 8, 'alpha': 0.5, 'proposal': 'q', 'learning_rate': 0.001, 'gamma': 0.9999, 'max_num_iters': 1000, 'min_num_iters': 500, 'check_for_convergence': True, 'show_progress_bars': True, 'reduce_variance': False, 'sampling_method': 'naive', 'bound': 5}"
two_moons,SNLPE,elbo,10,9,1000,0.7854499816894531,0.4375574588775635,inf,0.08635327219963074,186.47702026367188,2.6256208419799805,5e52fdd1-46d9-467f-8e3c-d6a06d3078e1,703.2684471607208,"{'flow': 'spline_autoregressive', 'num_flows': 5, 'num_components': 1, 'loss': 'elbo', 'n_particles': 256, 'K': 8, 'alpha': 0.5, 'proposal': 'q', 'learning_rate': 0.001, 'gamma': 0.9999, 'max_num_iters': 1000, 'min_num_iters': 500, 'check_for_convergence': True, 'show_progress_bars': True, 'reduce_variance': False, 'sampling_method': 'naive', 'bound': 5}"
two_moons,SNLPE,elbo,10,10,100000,0.7472000122070312,0.2928844690322876,inf,0.08935888856649399,23.136877059936523,1.620735764503479,76f7e11a-01a7-4045-8f3f-661a8bc4d923,554.4803140163422,"{'flow': 'spline_autoregressive', 'num_flows': 5, 'num_components': 1, 'loss': 'elbo', 'n_particles': 256, 'K': 8, 'alpha': 0.5, 'proposal': 'q', 'learning_rate': 0.001, 'gamma': 0.9999, 'max_num_iters': 1000, 'min_num_iters': 500, 'check_for_convergence': True, 'show_progress_bars': True, 'reduce_variance': False, 'sampling_method': 'naive', 'bound': 5}"
two_moons,SNLPE,elbo,10,10,10000,0.7795000076293945,0.30469274520874023,inf,0.08563560992479324,19.90569496154785,1.573692798614502,b3c2b6a4-e117-4852-a8fa-333676a1bd0e,577.5000336170197,"{'flow': 'spline_autoregressive', 'num_flows': 5, 'num_components': 1, 'loss': 'elbo', 'n_particles': 256, 'K': 8, 'alpha': 0.5, 'proposal': 'q', 'learning_rate': 0.001, 'gamma': 0.9999, 'max_num_iters': 1000, 'min_num_iters': 500, 'check_for_convergence': True, 'show_progress_bars': True, 'reduce_variance': False, 'sampling_method': 'naive', 'bound': 5}"
two_moons,SNLPE,elbo,10,10,1000,0.7937999963760376,0.3039435148239136,inf,0.08385898917913437,20.175308227539062,1.5843373537063599,35f920b5-edc0-4996-9adb-632a3b283cd6,771.0987272262573,"{'flow': 'spline_autoregressive', 'num_flows': 5, 'num_components': 1, 'loss': 'elbo', 'n_particles': 256, 'K': 8, 'alpha': 0.5, 'proposal': 'q', 'learning_rate': 0.001, 'gamma': 0.9999, 'max_num_iters': 1000, 'min_num_iters': 500, 'check_for_convergence': True, 'show_progress_bars': True, 'reduce_variance': False, 'sampling_method': 'naive', 'bound': 5}"
